{"Prob/Prob": -901807.6975094998, "_timestamp": 1719339762.1718664, "_runtime": 3822.733952522278, "_step": 67, "Params/tensor_0_0": 0.8776423809907955, "Params/tensor_0_1": 0.40000000004836833, "Params/tensor_1_0": 0.8782492351530617, "Params/tensor_1_1": 0.40000000005072, "Params/tensor_2_0": 0.8687348546980472, "Params/tensor_2_1": 0.4000000000207469, "Params/tensor_3_0": 0.87074720820232, "Params/tensor_3_1": 0.40000000003374114, "Params/tensor_4_0": 0.8688979545624756, "Params/tensor_4_1": 0.40000000003452707}