{"Prob/Prob": -901750.7821408643, "_timestamp": 1719339874.7718298, "_runtime": 3935.333915948868, "_step": 69, "Params/tensor_0_0": 0.8785157199716307, "Params/tensor_0_1": 0.4000000000251513, "Params/tensor_1_0": 0.8790884719852653, "Params/tensor_1_1": 0.4000000000263745, "Params/tensor_2_0": 0.8700722158405638, "Params/tensor_2_1": 0.4000000000107886, "Params/tensor_3_0": 0.8719296442687398, "Params/tensor_3_1": 0.40000000001754543, "Params/tensor_4_0": 0.8702295964733023, "Params/tensor_4_1": 0.40000000001795377}