{"Prob/Prob": -901872.4992477543, "_timestamp": 1719339653.1111803, "_runtime": 3713.6732664108276, "_step": 65, "Params/tensor_0_0": 0.8767019738936053, "Params/tensor_0_1": 0.40000000009301695, "Params/tensor_1_0": 0.8773452223887875, "Params/tensor_1_1": 0.4000000000975381, "Params/tensor_2_0": 0.8672975822619596, "Params/tensor_2_1": 0.40000000003989783, "Params/tensor_3_0": 0.8694757233015082, "Params/tensor_3_1": 0.4000000000648872, "Params/tensor_4_0": 0.867466894060417, "Params/tensor_4_1": 0.4000000000663983}