{"Prob/Prob": -901583.8938209161, "_timestamp": 1719340530.201851, "_runtime": 4590.76393699646, "_step": 77, "Params/tensor_0_0": 0.8814364151231188, "Params/tensor_0_1": 0.4000000000018391, "Params/tensor_1_0": 0.8818921221006261, "Params/tensor_1_1": 0.40000000000192815, "Params/tensor_2_0": 0.8745744740060037, "Params/tensor_2_1": 0.40000000000078906, "Params/tensor_3_0": 0.8759025579965491, "Params/tensor_3_1": 0.40000000000128266, "Params/tensor_4_0": 0.8747130389952775, "Params/tensor_4_1": 0.4000000000013124}