{"Prob/Prob": -2018561.5899497843, "_timestamp": 1719329404.3716273, "_runtime": 59384.49506235123, "_step": 1085, "Params/tensor_0_0": 0.8108757879501045, "Params/tensor_0_1": 0.00011968638531785613, "Params/tensor_1_0": 0.8090692258293072, "Params/tensor_1_1": 0.0001196863853146281, "Params/tensor_2_0": 0.8105614056247715, "Params/tensor_2_1": 0.00011968638531435537, "Params/tensor_3_0": 0.8068907996513368, "Params/tensor_3_1": 0.00011968638531412387, "Params/tensor_4_0": 0.8101257902428849, "Params/tensor_4_1": 0.00011968638531348294, "_wandb": {"runtime": 59509}}