{"Prob/Prob": -1009978.3038152615, "_timestamp": 1719335750.0522223, "_runtime": 5209.921233177185, "_step": 89, "Params/tensor_0_0": 0.8072751223175562, "Params/tensor_0_1": 0.5000000000000024, "Params/tensor_1_0": 0.8062452002443696, "Params/tensor_1_1": 0.5000000000000014, "Params/tensor_2_0": 0.807930028515389, "Params/tensor_2_1": 0.5000000000000051, "Params/tensor_3_0": 0.8115896954006018, "Params/tensor_3_1": 0.500000000000002, "Params/tensor_4_0": 0.8078910325138435, "Params/tensor_4_1": 0.5000000000000047}