{"Prob/Prob": -2650432.5345949368, "_timestamp": 1719330468.869642, "_runtime": 931.0669860839844, "_step": 15, "Params/tensor_0_0": 0.8094116685513998, "Params/tensor_0_1": 0.995863957001105, "Params/tensor_1_0": 0.8094594452573735, "Params/tensor_1_1": 0.9951733821252384, "Params/tensor_2_0": 0.8080406520467978, "Params/tensor_2_1": 0.995862530028099, "Params/tensor_3_0": 0.8095169391806533, "Params/tensor_3_1": 0.9912892697755185, "Params/tensor_4_0": 0.8110184852355392, "Params/tensor_4_1": 0.9910122841981612, "_wandb": {"runtime": 977}}