{"Prob": 9117.665681322424, "_timestamp": 1719269586.0728023, "_runtime": 40.79146432876587, "_step": 37, "tensor_0_0": 0.5830850748976998, "tensor_0_1": 0.46099986514420427, "tensor_1_0": 0.6330603945940659, "tensor_1_1": 0.4700523503320117, "tensor_2_0": 0.7325059594136651, "tensor_2_1": 0.46940289957493425, "tensor_3_0": 0.6583828789891644, "tensor_3_1": 0.48763099322112996, "tensor_4_0": 0.6681651694871807, "tensor_4_1": 0.422741431649399, "_wandb": {"runtime": 40}}