{"Prob": 10250.187690536066, "_timestamp": 1719269483.9611046, "_runtime": 8.798006534576416, "_step": 1, "tensor_0_0": 0.07775611171193961, "tensor_0_1": 0.7467042815946102, "tensor_1_0": 0.6488955174727383, "tensor_1_1": 0.1326529388809599, "tensor_2_0": 0.632849775175622, "tensor_2_1": 0.5372503086827857, "tensor_3_0": 0.0691213300388523, "tensor_3_1": 0.22366427593559254, "tensor_4_0": 0.39371438257314606, "tensor_4_1": 0.2027049301674227, "_wandb": {"runtime": 59}}