{"Prob/Prob": 8837.025185414735, "_timestamp": 1719269819.5175934, "_runtime": 72.04096841812134, "_step": 131, "Params/tensor_0_0": 0.5865570519767597, "Params/tensor_0_1": 0.36342151903474124, "Params/tensor_1_0": 0.6917679791306665, "Params/tensor_1_1": 0.35762837235208944, "Params/tensor_2_0": 0.6914446327823357, "Params/tensor_2_1": 0.36144780608858346, "Params/tensor_3_0": 0.591303002321482, "Params/tensor_3_1": 0.3584942903513154, "Params/tensor_4_0": 0.6473277107091745, "Params/tensor_4_1": 0.35829542698906375, "_wandb": {"runtime": 74}}