{"parameters": [[0.6950331685278218, 0.0014752616972532285], [0.667308319661219, 0.001376967971622499], [0.7563583190548658, 0.019683646695156768], [0.6384095385854655, 0.0045281191721792], [0.7129291529474899, 0.010572935827216681]], "_timestamp": 1719269170.6700406, "_runtime": 142.5696256160736, "_step": 0, "_wandb": {"runtime": 299}}