{"Prob/Prob": -9117.665681322424, "_timestamp": 1719269913.9460988, "_runtime": 25.329036712646484, "_step": 37, "Params/tensor_0_0": 0.5830850748976998, "Params/tensor_0_1": 0.46099986514420427, "Params/tensor_1_0": 0.6330603945940659, "Params/tensor_1_1": 0.4700523503320117, "Params/tensor_2_0": 0.7325059594136651, "Params/tensor_2_1": 0.46940289957493425, "Params/tensor_3_0": 0.6583828789891644, "Params/tensor_3_1": 0.48763099322112996, "Params/tensor_4_0": 0.6681651694871807, "Params/tensor_4_1": 0.422741431649399, "_wandb": {"runtime": 84}}